date,hour,stay_cnts
20230902,8.0,49325.0
20230902,9.0,53558.0
20230902,10.0,60777.0
20230902,11.0,72618.0
20230902,12.0,88732.0
20230902,13.0,112896.0
20230902,14.0,128617.0
20230902,15.0,132757.0
20230902,16.0,127013.0
20230902,17.0,111316.0
20230902,18.0,91990.0
20230902,19.0,83846.0
20230902,20.0,72802.0
20230902,21.0,60356.0
20230902,22.0,51321.0
20230902,23.0,45105.0
20230909,8.0,48865.0
20230909,9.0,53664.0
20230909,10.0,60869.0
20230909,11.0,69840.0
20230909,12.0,76902.0
20230909,13.0,81640.0
20230909,14.0,84302.0
20230909,15.0,85971.0
20230909,16.0,87503.0
20230909,17.0,87366.0
20230909,18.0,84744.0
20230909,19.0,79329.0
20230909,20.0,70358.0
20230909,21.0,59107.0
20230909,22.0,50963.0
20230909,23.0,44119.0
20230916,8.0,49133.0
20230916,9.0,54853.0
20230916,10.0,62399.0
20230916,11.0,71448.0
20230916,12.0,80338.0
20230916,13.0,88204.0
20230916,14.0,94027.0
20230916,15.0,95634.0
20230916,16.0,93191.0
20230916,17.0,87711.0
20230916,18.0,83197.0
20230916,19.0,75254.0
20230916,20.0,64963.0
20230916,21.0,50910.0
20230916,22.0,43724.0
20230916,23.0,39835.0
20230923,8.0,48559.0
20230923,9.0,52731.0
20230923,10.0,59987.0
20230923,11.0,68287.0
20230923,12.0,75830.0
20230923,13.0,81175.0
20230923,14.0,84995.0
20230923,15.0,88489.0
20230923,16.0,91134.0
20230923,17.0,94184.0
20230923,18.0,95194.0
20230923,19.0,90995.0
20230923,20.0,79574.0
20230923,21.0,64865.0
20230923,22.0,53190.0
20230923,23.0,45015.0
20230930,8.0,34059.0
20230930,9.0,35838.0
20230930,10.0,40115.0
20230930,11.0,45629.0
20230930,12.0,51239.0
20230930,13.0,55588.0
20230930,14.0,58770.0
20230930,15.0,61132.0
20230930,16.0,62495.0
20230930,17.0,63060.0
20230930,18.0,61185.0
20230930,19.0,56591.0
20230930,20.0,50912.0
20230930,21.0,43690.0
20230930,22.0,39171.0
20230930,23.0,36070.0
20231014,8.0,47340.0
20231014,9.0,51996.0
20231014,10.0,58432.0
20231014,11.0,66503.0
20231014,12.0,73564.0
20231014,13.0,80761.0
20231014,14.0,83880.0
20231014,15.0,84742.0
20231014,16.0,82390.0
20231014,17.0,81722.0
20231014,18.0,80612.0
20231014,19.0,75418.0
20231014,20.0,66352.0
20231014,21.0,54482.0
20231014,22.0,47031.0
20231014,23.0,42533.0
20231007,8.0,51645.0
20231007,9.0,58014.0
20231007,10.0,67175.0
20231007,11.0,79767.0
20231007,12.0,93438.0
20231007,13.0,108818.0
20231007,14.0,125615.0
20231007,15.0,145699.0
20231007,16.0,171809.0
20231007,17.0,200757.0
20231007,18.0,238023.0
20231007,19.0,270270.0
20231007,20.0,258757.0
20231007,21.0,159795.0
20231007,22.0,91378.0
20231007,23.0,60293.0
