hour,target,normal_avg,strict_20231014,target_minus_normal,target_over_normal,is_event_window
0,0.0,0.0,0.0,0.0,,0
1,0.0,0.0,0.0,0.0,,0
2,0.0,0.0,0.0,0.0,,0
3,0.0,0.0,0.0,0.0,,0
4,0.0,0.0,0.0,0.0,,0
5,0.0,0.0,0.0,0.0,,0
6,0.0,0.0,0.0,0.0,,0
7,0.0,0.0,0.0,0.0,,0
8,51645.0,48644.4,47340.0,3000.5999999999985,1.0616843871031403,0
9,58014.0,53360.4,51996.0,4653.5999999999985,1.0872107405491713,0
10,67175.0,60492.8,58432.0,6682.199999999997,1.1104627327549725,0
11,79767.0,69739.2,66503.0,10027.800000000003,1.1437900061945077,0
12,93438.0,79073.2,73564.0,14364.800000000003,1.1816645842080502,0
13,108818.0,88935.2,80761.0,19882.800000000003,1.2235650226232133,0
14,125615.0,95164.2,83880.0,30450.800000000003,1.3199816737806864,0
15,145699.0,97518.6,84742.0,48180.399999999994,1.4940636965666036,0
16,171809.0,96246.2,82390.0,75562.8,1.7850990480663134,0
17,200757.0,92459.8,81722.0,108297.2,2.1712895766592615,0
18,238023.0,87147.4,80612.0,150875.6,2.7312690912178677,1
19,270270.0,80968.4,75418.0,189301.6,3.337968886627376,1
20,258757.0,70809.8,66352.0,187947.2,3.65425407217645,1
21,159795.0,57944.0,54482.0,101851.0,2.757748860969212,1
22,91378.0,49245.8,47031.0,42132.2,1.8555491026645925,1
23,60293.0,43321.4,42533.0,16971.6,1.391760192422221,1
