date,flow,mode,hour,od_cnts,weighted_duration,source_rows,avg_duration
20230902,arrival,all,8.0,252.0,3943.0,32.0,15.646825396825397
20230902,arrival,all,9.0,560.0,17695.0,70.0,31.598214285714285
20230902,arrival,all,10.0,897.0,29356.0,109.0,32.726867335562986
20230902,arrival,all,11.0,1184.0,52065.0,150.0,43.973817567567565
20230902,arrival,all,12.0,1587.0,68945.0,187.0,43.443604284814114
20230902,arrival,all,13.0,3086.0,174873.0,394.0,56.66655865197667
20230902,arrival,all,14.0,2528.0,137438.0,306.0,54.36629746835443
20230902,arrival,all,15.0,1285.0,52939.0,145.0,41.197665369649805
20230902,arrival,all,16.0,1285.0,52110.0,134.0,40.552529182879375
20230902,arrival,all,17.0,1291.0,62616.0,135.0,48.50193648334624
20230902,arrival,all,18.0,1426.0,60645.0,146.0,42.528050490883594
20230902,arrival,all,19.0,1075.0,52124.0,121.0,48.48744186046512
20230902,arrival,all,20.0,574.0,27347.0,67.0,47.642857142857146
20230902,arrival,all,21.0,390.0,9945.0,48.0,25.5
20230902,arrival,all,22.0,361.0,13751.0,45.0,38.091412742382275
20230902,arrival,all,23.0,123.0,6704.0,16.0,54.50406504065041
20230902,arrival,bus,8.0,38.0,723.0,3.0,19.026315789473685
20230902,arrival,bus,9.0,51.0,990.0,6.0,19.41176470588235
20230902,arrival,bus,10.0,116.0,2228.0,11.0,19.20689655172414
20230902,arrival,bus,11.0,117.0,4277.0,12.0,36.55555555555556
20230902,arrival,bus,12.0,248.0,11481.0,23.0,46.29435483870968
20230902,arrival,bus,13.0,248.0,9672.0,24.0,39.0
20230902,arrival,bus,14.0,284.0,13821.0,27.0,48.66549295774648
20230902,arrival,bus,15.0,105.0,3317.0,9.0,31.590476190476192
20230902,arrival,bus,16.0,179.0,5112.0,17.0,28.558659217877096
20230902,arrival,bus,17.0,198.0,8638.0,17.0,43.62626262626262
20230902,arrival,bus,18.0,133.0,5197.0,13.0,39.07518796992481
20230902,arrival,bus,19.0,99.0,4292.0,10.0,43.35353535353536
20230902,arrival,bus,20.0,10.0,415.0,2.0,41.5
20230902,arrival,bus,21.0,5.0,270.0,1.0,54.0
20230902,arrival,bus,22.0,6.0,222.0,1.0,37.0
20230902,arrival,car,8.0,152.0,2618.0,22.0,17.223684210526315
20230902,arrival,car,9.0,385.0,11469.0,53.0,29.789610389610388
20230902,arrival,car,10.0,715.0,24734.0,88.0,34.593006993006995
20230902,arrival,car,11.0,762.0,32500.0,104.0,42.650918635170605
20230902,arrival,car,12.0,999.0,36215.0,116.0,36.251251251251254
20230902,arrival,car,13.0,1507.0,74582.0,170.0,49.49037823490378
20230902,arrival,car,14.0,1329.0,63071.0,157.0,47.457486832204665
20230902,arrival,car,15.0,921.0,39134.0,105.0,42.49077090119435
20230902,arrival,car,16.0,874.0,36724.0,91.0,42.01830663615561
20230902,arrival,car,17.0,975.0,48678.0,100.0,49.926153846153845
20230902,arrival,car,18.0,1045.0,45792.0,107.0,43.820095693779905
20230902,arrival,car,19.0,789.0,38215.0,88.0,48.43472750316857
20230902,arrival,car,20.0,469.0,25310.0,55.0,53.96588486140725
20230902,arrival,car,21.0,321.0,8844.0,39.0,27.55140186915888
20230902,arrival,car,22.0,273.0,9046.0,34.0,33.13553113553114
20230902,arrival,car,23.0,87.0,5781.0,10.0,66.44827586206897
20230902,departure,all,8.0,431.0,13916.0,66.0,32.2877030162413
20230902,departure,all,9.0,703.0,22589.0,81.0,32.132290184921764
20230902,departure,all,10.0,722.0,28285.0,89.0,39.17590027700831
20230902,departure,all,11.0,892.0,30744.0,96.0,34.46636771300449
20230902,departure,all,12.0,1442.0,60909.0,173.0,42.239251040221916
20230902,departure,all,13.0,1604.0,76689.0,209.0,47.811097256857856
20230902,departure,all,14.0,1974.0,115220.0,257.0,58.36879432624114
20230902,departure,all,15.0,3233.0,180600.0,406.0,55.86142901330034
20230902,departure,all,16.0,4841.0,282984.0,637.0,58.45569097293947
20230902,departure,all,17.0,4704.0,244668.0,633.0,52.01275510204081
20230902,departure,all,18.0,2704.0,136571.0,379.0,50.507026627218934
20230902,departure,all,19.0,2977.0,140006.0,413.0,47.029224051058115
20230902,departure,all,20.0,3282.0,140745.0,443.0,42.88391224862888
20230902,departure,all,21.0,2226.0,95594.0,309.0,42.94429469901168
20230902,departure,all,22.0,1367.0,47908.0,188.0,35.04608632040966
20230902,departure,all,23.0,199.0,3849.0,31.0,19.34170854271357
20230902,departure,bus,8.0,17.0,476.0,3.0,28.0
20230902,departure,bus,9.0,37.0,1310.0,4.0,35.4054054054054
20230902,departure,bus,10.0,55.0,1709.0,7.0,31.072727272727274
20230902,departure,bus,11.0,65.0,3600.0,8.0,55.38461538461539
20230902,departure,bus,12.0,207.0,5322.0,23.0,25.71014492753623
20230902,departure,bus,13.0,207.0,7824.0,30.0,37.79710144927536
20230902,departure,bus,14.0,175.0,7775.0,25.0,44.42857142857143
20230902,departure,bus,15.0,360.0,10731.0,38.0,29.808333333333334
20230902,departure,bus,16.0,451.0,20532.0,58.0,45.52549889135255
20230902,departure,bus,17.0,584.0,23481.0,76.0,40.207191780821915
20230902,departure,bus,18.0,323.0,9760.0,45.0,30.21671826625387
20230902,departure,bus,19.0,434.0,13003.0,58.0,29.96082949308756
20230902,departure,bus,20.0,397.0,12889.0,52.0,32.46599496221663
20230902,departure,bus,21.0,226.0,7938.0,31.0,35.123893805309734
20230902,departure,bus,22.0,195.0,5621.0,24.0,28.825641025641026
20230902,departure,bus,23.0,18.0,317.0,3.0,17.61111111111111
20230902,departure,car,8.0,325.0,10654.0,48.0,32.78153846153846
20230902,departure,car,9.0,559.0,18815.0,60.0,33.658318425760285
20230902,departure,car,10.0,512.0,22423.0,65.0,43.794921875
20230902,departure,car,11.0,715.0,20902.0,75.0,29.233566433566434
20230902,departure,car,12.0,1044.0,46567.0,124.0,44.6044061302682
20230902,departure,car,13.0,1132.0,55253.0,137.0,48.81007067137809
20230902,departure,car,14.0,1461.0,83936.0,185.0,57.451060917180016
20230902,departure,car,15.0,1993.0,103444.0,240.0,51.903662819869545
20230902,departure,car,16.0,2683.0,142923.0,350.0,53.26984718598584
20230902,departure,car,17.0,2723.0,136789.0,369.0,50.2346676459787
20230902,departure,car,18.0,1603.0,78438.0,230.0,48.93200249532127
20230902,departure,car,19.0,1892.0,86129.0,257.0,45.52272727272727
20230902,departure,car,20.0,2226.0,91617.0,285.0,41.15768194070081
20230902,departure,car,21.0,1566.0,66341.0,210.0,42.363346104725416
20230902,departure,car,22.0,834.0,28980.0,110.0,34.74820143884892
20230902,departure,car,23.0,143.0,2977.0,22.0,20.818181818181817
20230909,arrival,all,8.0,257.0,3569.0,35.0,13.88715953307393
20230909,arrival,all,9.0,564.0,14096.0,71.0,24.99290780141844
20230909,arrival,all,10.0,858.0,31828.0,101.0,37.095571095571096
20230909,arrival,all,11.0,1594.0,75501.0,153.0,47.36574654956085
20230909,arrival,all,12.0,1247.0,48259.0,130.0,38.70008019246191
20230909,arrival,all,13.0,1505.0,57461.0,152.0,38.180066445182725
20230909,arrival,all,14.0,1523.0,78264.0,148.0,51.38804990151018
20230909,arrival,all,15.0,1234.0,49846.0,128.0,40.39384116693679
20230909,arrival,all,16.0,1729.0,85056.0,174.0,49.19375361480625
20230909,arrival,all,17.0,1463.0,59748.0,152.0,40.83937115516063
20230909,arrival,all,18.0,1362.0,63309.0,162.0,46.48237885462555
20230909,arrival,all,19.0,851.0,36626.0,101.0,43.03877790834313
20230909,arrival,all,20.0,706.0,31526.0,80.0,44.654390934844194
20230909,arrival,all,21.0,468.0,17822.0,52.0,38.08119658119658
20230909,arrival,all,22.0,330.0,10942.0,43.0,33.157575757575756
20230909,arrival,all,23.0,196.0,4266.0,20.0,21.76530612244898
20230909,arrival,bus,8.0,16.0,204.0,3.0,12.75
20230909,arrival,bus,9.0,59.0,1029.0,6.0,17.440677966101696
20230909,arrival,bus,10.0,37.0,606.0,7.0,16.37837837837838
20230909,arrival,bus,11.0,197.0,8531.0,20.0,43.30456852791878
20230909,arrival,bus,12.0,110.0,3319.0,16.0,30.172727272727272
20230909,arrival,bus,13.0,245.0,8394.0,21.0,34.26122448979592
20230909,arrival,bus,14.0,161.0,4969.0,12.0,30.86335403726708
20230909,arrival,bus,15.0,129.0,3125.0,10.0,24.224806201550386
20230909,arrival,bus,16.0,163.0,5953.0,15.0,36.52147239263804
20230909,arrival,bus,17.0,168.0,6694.0,17.0,39.845238095238095
20230909,arrival,bus,18.0,116.0,5987.0,9.0,51.61206896551724
20230909,arrival,bus,19.0,30.0,905.0,6.0,30.166666666666668
20230909,arrival,bus,20.0,24.0,1255.0,2.0,52.291666666666664
20230909,arrival,bus,21.0,63.0,1330.0,4.0,21.11111111111111
20230909,arrival,bus,22.0,6.0,132.0,1.0,22.0
20230909,arrival,bus,23.0,5.0,155.0,1.0,31.0
20230909,arrival,car,8.0,162.0,2781.0,25.0,17.166666666666668
20230909,arrival,car,9.0,428.0,11826.0,54.0,27.630841121495326
20230909,arrival,car,10.0,731.0,25978.0,85.0,35.53761969904241
20230909,arrival,car,11.0,1095.0,52174.0,109.0,47.647488584474885
20230909,arrival,car,12.0,987.0,40248.0,97.0,40.77811550151976
20230909,arrival,car,13.0,1075.0,40778.0,109.0,37.93302325581395
20230909,arrival,car,14.0,1208.0,65134.0,119.0,53.91887417218543
20230909,arrival,car,15.0,850.0,35808.0,95.0,42.12705882352941
20230909,arrival,car,16.0,1270.0,63257.0,123.0,49.80866141732283
20230909,arrival,car,17.0,1045.0,42804.0,105.0,40.96076555023924
20230909,arrival,car,18.0,1018.0,47573.0,126.0,46.73182711198428
20230909,arrival,car,19.0,619.0,26431.0,71.0,42.69951534733441
20230909,arrival,car,20.0,532.0,25609.0,60.0,48.13721804511278
20230909,arrival,car,21.0,328.0,13939.0,40.0,42.4969512195122
20230909,arrival,car,22.0,260.0,10185.0,37.0,39.17307692307692
20230909,arrival,car,23.0,141.0,3816.0,14.0,27.06382978723404
20230909,departure,all,8.0,521.0,18618.0,77.0,35.73512476007677
20230909,departure,all,9.0,774.0,26959.0,81.0,34.83074935400517
20230909,departure,all,10.0,831.0,38192.0,95.0,45.959085439229845
20230909,departure,all,11.0,936.0,37277.0,133.0,39.8258547008547
20230909,departure,all,12.0,1371.0,63770.0,156.0,46.51349380014588
20230909,departure,all,13.0,1703.0,74033.0,201.0,43.47210804462713
20230909,departure,all,14.0,2022.0,94165.0,258.0,46.5702274975272
20230909,departure,all,15.0,2163.0,112764.0,275.0,52.133148404993065
20230909,departure,all,16.0,2319.0,108347.0,302.0,46.72143165157395
20230909,departure,all,17.0,2195.0,121726.0,299.0,55.45603644646925
20230909,departure,all,18.0,2641.0,126797.0,335.0,48.01098068913291
20230909,departure,all,19.0,3048.0,132419.0,365.0,43.44455380577428
20230909,departure,all,20.0,2716.0,134902.0,411.0,49.66936671575847
20230909,departure,all,21.0,2211.0,104536.0,318.0,47.27996381727725
20230909,departure,all,22.0,1238.0,43697.0,175.0,35.296445880452346
20230909,departure,all,23.0,265.0,5036.0,38.0,19.00377358490566
20230909,departure,bus,8.0,55.0,1107.0,6.0,20.12727272727273
20230909,departure,bus,9.0,94.0,1865.0,5.0,19.840425531914892
20230909,departure,bus,10.0,85.0,2032.0,9.0,23.905882352941177
20230909,departure,bus,11.0,180.0,5533.0,17.0,30.738888888888887
20230909,departure,bus,12.0,151.0,6633.0,12.0,43.9271523178808
20230909,departure,bus,13.0,311.0,10432.0,25.0,33.543408360128616
20230909,departure,bus,14.0,198.0,8264.0,25.0,41.73737373737374
20230909,departure,bus,15.0,280.0,12068.0,40.0,43.1
20230909,departure,bus,16.0,256.0,9497.0,30.0,37.09765625
20230909,departure,bus,17.0,286.0,12523.0,34.0,43.78671328671329
20230909,departure,bus,18.0,372.0,13947.0,38.0,37.49193548387097
20230909,departure,bus,19.0,326.0,11289.0,43.0,34.62883435582822
20230909,departure,bus,20.0,301.0,10132.0,47.0,33.66112956810631
20230909,departure,bus,21.0,261.0,7843.0,37.0,30.049808429118773
20230909,departure,bus,22.0,161.0,5005.0,25.0,31.08695652173913
20230909,departure,bus,23.0,11.0,211.0,2.0,19.181818181818183
20230909,departure,car,8.0,369.0,15137.0,55.0,41.02168021680217
20230909,departure,car,9.0,576.0,21162.0,61.0,36.739583333333336
20230909,departure,car,10.0,521.0,24014.0,65.0,46.092130518234164
20230909,departure,car,11.0,564.0,22670.0,88.0,40.195035460992905
20230909,departure,car,12.0,998.0,40505.0,121.0,40.58617234468938
20230909,departure,car,13.0,1132.0,52394.0,139.0,46.28445229681979
20230909,departure,car,14.0,1503.0,70793.0,194.0,47.10113107119095
20230909,departure,car,15.0,1470.0,77037.0,186.0,52.406122448979595
20230909,departure,car,16.0,1674.0,76714.0,209.0,45.826762246117084
20230909,departure,car,17.0,1427.0,72505.0,200.0,50.8093903293623
20230909,departure,car,18.0,1773.0,83552.0,237.0,47.124647490129725
20230909,departure,car,19.0,2196.0,91527.0,265.0,41.67896174863388
20230909,departure,car,20.0,1954.0,97757.0,286.0,50.02917093142272
20230909,departure,car,21.0,1375.0,61634.0,193.0,44.82472727272727
20230909,departure,car,22.0,759.0,27004.0,106.0,35.57839262187088
20230909,departure,car,23.0,210.0,4472.0,31.0,21.295238095238094
20230916,arrival,all,8.0,268.0,4740.0,35.0,17.686567164179106
20230916,arrival,all,9.0,509.0,16893.0,65.0,33.18860510805501
20230916,arrival,all,10.0,936.0,32250.0,112.0,34.455128205128204
20230916,arrival,all,11.0,1090.0,38154.0,128.0,35.003669724770646
20230916,arrival,all,12.0,1533.0,59132.0,156.0,38.57273320287019
20230916,arrival,all,13.0,1454.0,52382.0,176.0,36.0261348005502
20230916,arrival,all,14.0,1354.0,49292.0,164.0,36.404726735598224
20230916,arrival,all,15.0,1432.0,72121.0,152.0,50.36382681564246
20230916,arrival,all,16.0,1418.0,63564.0,162.0,44.82651622002821
20230916,arrival,all,17.0,1331.0,61282.0,160.0,46.04207362885049
20230916,arrival,all,18.0,1309.0,57165.0,147.0,43.6707410236822
20230916,arrival,all,19.0,637.0,25332.0,80.0,39.76766091051805
20230916,arrival,all,20.0,468.0,14001.0,50.0,29.916666666666668
20230916,arrival,all,21.0,399.0,10279.0,44.0,25.761904761904763
20230916,arrival,all,22.0,367.0,16463.0,40.0,44.858310626702995
20230916,arrival,all,23.0,127.0,2541.0,22.0,20.007874015748033
20230916,arrival,bus,8.0,16.0,381.0,3.0,23.8125
20230916,arrival,bus,9.0,68.0,1610.0,8.0,23.676470588235293
20230916,arrival,bus,10.0,101.0,2260.0,9.0,22.376237623762375
20230916,arrival,bus,11.0,126.0,4663.0,13.0,37.007936507936506
20230916,arrival,bus,12.0,146.0,4982.0,11.0,34.12328767123287
20230916,arrival,bus,13.0,101.0,2953.0,14.0,29.237623762376238
20230916,arrival,bus,14.0,195.0,4569.0,20.0,23.43076923076923
20230916,arrival,bus,15.0,143.0,5782.0,15.0,40.43356643356643
20230916,arrival,bus,16.0,134.0,3409.0,12.0,25.440298507462686
20230916,arrival,bus,17.0,141.0,5127.0,13.0,36.361702127659576
20230916,arrival,bus,18.0,143.0,4316.0,14.0,30.181818181818183
20230916,arrival,bus,19.0,25.0,578.0,4.0,23.12
20230916,arrival,bus,20.0,19.0,703.0,1.0,37.0
20230916,arrival,bus,21.0,38.0,893.0,2.0,23.5
20230916,arrival,bus,22.0,32.0,288.0,2.0,9.0
20230916,arrival,car,8.0,199.0,3614.0,25.0,18.160804020100503
20230916,arrival,car,9.0,313.0,11148.0,39.0,35.61661341853035
20230916,arrival,car,10.0,714.0,25407.0,86.0,35.58403361344538
20230916,arrival,car,11.0,842.0,30632.0,99.0,36.38004750593824
20230916,arrival,car,12.0,1217.0,47258.0,122.0,38.83155299917831
20230916,arrival,car,13.0,1007.0,37216.0,122.0,36.957298907646475
20230916,arrival,car,14.0,903.0,32890.0,112.0,36.42303433001108
20230916,arrival,car,15.0,1104.0,57226.0,110.0,51.835144927536234
20230916,arrival,car,16.0,1081.0,49598.0,123.0,45.88159111933395
20230916,arrival,car,17.0,954.0,44484.0,119.0,46.62893081761006
20230916,arrival,car,18.0,1006.0,46993.0,114.0,46.71272365805169
20230916,arrival,car,19.0,514.0,21281.0,60.0,41.40272373540856
20230916,arrival,car,20.0,380.0,12079.0,41.0,31.78684210526316
20230916,arrival,car,21.0,323.0,9152.0,35.0,28.3343653250774
20230916,arrival,car,22.0,263.0,11506.0,31.0,43.749049429657795
20230916,arrival,car,23.0,101.0,1691.0,17.0,16.742574257425744
20230916,departure,all,8.0,617.0,25133.0,80.0,40.73419773095624
20230916,departure,all,9.0,788.0,21433.0,89.0,27.199238578680202
20230916,departure,all,10.0,910.0,31463.0,107.0,34.574725274725274
20230916,departure,all,11.0,1087.0,44314.0,138.0,40.7672493100276
20230916,departure,all,12.0,1486.0,61173.0,183.0,41.16621803499327
20230916,departure,all,13.0,1995.0,96380.0,217.0,48.310776942355886
20230916,departure,all,14.0,1992.0,94268.0,250.0,47.32329317269076
20230916,departure,all,15.0,2844.0,145031.0,345.0,50.99542897327707
20230916,departure,all,16.0,2913.0,140983.0,399.0,48.39787161002403
20230916,departure,all,17.0,2905.0,144521.0,373.0,49.749053356282275
20230916,departure,all,18.0,2741.0,143130.0,381.0,52.21816855162349
20230916,departure,all,19.0,2507.0,108536.0,358.0,43.293179098524135
20230916,departure,all,20.0,2893.0,132163.0,436.0,45.68371932250259
20230916,departure,all,21.0,1791.0,71018.0,243.0,39.65270798436627
20230916,departure,all,22.0,683.0,22907.0,106.0,33.53879941434846
20230916,departure,all,23.0,138.0,1641.0,19.0,11.891304347826088
20230916,departure,bus,8.0,28.0,1347.0,5.0,48.107142857142854
20230916,departure,bus,9.0,50.0,1034.0,5.0,20.68
20230916,departure,bus,10.0,47.0,757.0,8.0,16.106382978723403
20230916,departure,bus,11.0,147.0,8094.0,23.0,55.06122448979592
20230916,departure,bus,12.0,202.0,5673.0,21.0,28.084158415841586
20230916,departure,bus,13.0,242.0,9553.0,27.0,39.47520661157025
20230916,departure,bus,14.0,272.0,11377.0,38.0,41.82720588235294
20230916,departure,bus,15.0,347.0,11982.0,40.0,34.53025936599423
20230916,departure,bus,16.0,456.0,15101.0,56.0,33.11622807017544
20230916,departure,bus,17.0,288.0,11385.0,38.0,39.53125
20230916,departure,bus,18.0,258.0,9835.0,36.0,38.12015503875969
20230916,departure,bus,19.0,253.0,7164.0,35.0,28.31620553359684
20230916,departure,bus,20.0,275.0,7803.0,41.0,28.374545454545455
20230916,departure,bus,21.0,178.0,5591.0,19.0,31.410112359550563
20230916,departure,bus,22.0,52.0,1613.0,9.0,31.01923076923077
20230916,departure,bus,23.0,6.0,138.0,1.0,23.0
20230916,departure,car,8.0,440.0,18075.0,58.0,41.07954545454545
20230916,departure,car,9.0,570.0,17282.0,67.0,30.319298245614036
20230916,departure,car,10.0,662.0,23487.0,78.0,35.47885196374622
20230916,departure,car,11.0,812.0,29985.0,94.0,36.92733990147783
20230916,departure,car,12.0,999.0,42226.0,121.0,42.268268268268265
20230916,departure,car,13.0,1430.0,67451.0,154.0,47.16853146853147
20230916,departure,car,14.0,1363.0,65761.0,173.0,48.247248716067496
20230916,departure,car,15.0,2080.0,106854.0,251.0,51.372115384615384
20230916,departure,car,16.0,1800.0,85441.0,254.0,47.46722222222222
20230916,departure,car,17.0,1942.0,92992.0,242.0,47.88465499485067
20230916,departure,car,18.0,1859.0,91049.0,265.0,48.97740720817644
20230916,departure,car,19.0,1789.0,73081.0,254.0,40.850195640022356
20230916,departure,car,20.0,1942.0,81664.0,286.0,42.05149330587024
20230916,departure,car,21.0,1266.0,50369.0,175.0,39.78593996840442
20230916,departure,car,22.0,510.0,17140.0,77.0,33.6078431372549
20230916,departure,car,23.0,118.0,1475.0,16.0,12.5
20230923,arrival,all,8.0,184.0,4127.0,29.0,22.429347826086957
20230923,arrival,all,9.0,527.0,13423.0,76.0,25.470588235294116
20230923,arrival,all,10.0,987.0,35342.0,110.0,35.80749746707193
20230923,arrival,all,11.0,1402.0,60802.0,154.0,43.368045649072755
20230923,arrival,all,12.0,1664.0,65891.0,175.0,39.59795673076923
20230923,arrival,all,13.0,1336.0,59909.0,143.0,44.842065868263475
20230923,arrival,all,14.0,1587.0,79391.0,158.0,50.02583490863264
20230923,arrival,all,15.0,1700.0,82611.0,158.0,48.59470588235294
20230923,arrival,all,16.0,1768.0,90448.0,192.0,51.158371040723985
20230923,arrival,all,17.0,2030.0,101629.0,225.0,50.063546798029556
20230923,arrival,all,18.0,1836.0,99157.0,211.0,54.00708061002179
20230923,arrival,all,19.0,1219.0,65327.0,136.0,53.59064807219032
20230923,arrival,all,20.0,769.0,36447.0,84.0,47.39531859557867
20230923,arrival,all,21.0,676.0,25901.0,71.0,38.31508875739645
20230923,arrival,all,22.0,327.0,11827.0,42.0,36.16819571865443
20230923,arrival,all,23.0,143.0,2837.0,19.0,19.83916083916084
20230923,arrival,bus,8.0,34.0,1019.0,4.0,29.970588235294116
20230923,arrival,bus,9.0,25.0,425.0,5.0,17.0
20230923,arrival,bus,10.0,87.0,1647.0,10.0,18.93103448275862
20230923,arrival,bus,11.0,115.0,4199.0,15.0,36.51304347826087
20230923,arrival,bus,12.0,173.0,4620.0,18.0,26.705202312138727
20230923,arrival,bus,13.0,172.0,8255.0,14.0,47.99418604651163
20230923,arrival,bus,14.0,241.0,10496.0,18.0,43.551867219917014
20230923,arrival,bus,15.0,276.0,12224.0,20.0,44.289855072463766
20230923,arrival,bus,16.0,111.0,4689.0,14.0,42.24324324324324
20230923,arrival,bus,17.0,136.0,6209.0,14.0,45.654411764705884
20230923,arrival,bus,18.0,142.0,6583.0,18.0,46.359154929577464
20230923,arrival,bus,19.0,172.0,9265.0,16.0,53.866279069767444
20230923,arrival,bus,20.0,84.0,3508.0,7.0,41.76190476190476
20230923,arrival,bus,21.0,28.0,816.0,5.0,29.142857142857142
20230923,arrival,bus,22.0,19.0,893.0,1.0,47.0
20230923,arrival,bus,23.0,26.0,416.0,1.0,16.0
20230923,arrival,car,8.0,96.0,1996.0,15.0,20.791666666666668
20230923,arrival,car,9.0,351.0,10243.0,51.0,29.182336182336183
20230923,arrival,car,10.0,841.0,32000.0,91.0,38.049940546967896
20230923,arrival,car,11.0,1096.0,49340.0,121.0,45.018248175182485
20230923,arrival,car,12.0,1266.0,51531.0,128.0,40.703791469194314
20230923,arrival,car,13.0,1001.0,45564.0,107.0,45.518481518481515
20230923,arrival,car,14.0,1023.0,53194.0,109.0,51.9980449657869
20230923,arrival,car,15.0,1074.0,49410.0,104.0,46.00558659217877
20230923,arrival,car,16.0,1354.0,69880.0,144.0,51.61004431314623
20230923,arrival,car,17.0,1340.0,65018.0,147.0,48.52089552238806
20230923,arrival,car,18.0,1369.0,73729.0,152.0,53.85609934258583
20230923,arrival,car,19.0,865.0,43874.0,99.0,50.72138728323699
20230923,arrival,car,20.0,599.0,29113.0,62.0,48.602671118530886
20230923,arrival,car,21.0,590.0,23260.0,58.0,39.42372881355932
20230923,arrival,car,22.0,287.0,10143.0,37.0,35.34146341463415
20230923,arrival,car,23.0,81.0,2045.0,15.0,25.246913580246915
20230923,departure,all,8.0,580.0,18596.0,70.0,32.06206896551724
20230923,departure,all,9.0,811.0,23737.0,91.0,29.268803945745994
20230923,departure,all,10.0,962.0,38672.0,101.0,40.1995841995842
20230923,departure,all,11.0,941.0,40679.0,111.0,43.22954303931987
20230923,departure,all,12.0,1662.0,75843.0,195.0,45.63357400722022
20230923,departure,all,13.0,1707.0,90589.0,217.0,53.06912712360867
20230923,departure,all,14.0,1715.0,89167.0,208.0,51.992419825072886
20230923,departure,all,15.0,2096.0,123046.0,249.0,58.70515267175573
20230923,departure,all,16.0,2553.0,148370.0,309.0,58.11594202898551
20230923,departure,all,17.0,2585.0,146880.0,311.0,56.82011605415861
20230923,departure,all,18.0,3061.0,162757.0,381.0,53.17118588696504
20230923,departure,all,19.0,3715.0,198531.0,487.0,53.44037685060565
20230923,departure,all,20.0,4305.0,207294.0,564.0,48.15191637630662
20230923,departure,all,21.0,2713.0,130458.0,386.0,48.08625138223369
20230923,departure,all,22.0,1209.0,50564.0,193.0,41.82299421009098
20230923,departure,all,23.0,206.0,4584.0,34.0,22.25242718446602
20230923,departure,bus,8.0,21.0,542.0,4.0,25.80952380952381
20230923,departure,bus,9.0,34.0,657.0,4.0,19.323529411764707
20230923,departure,bus,10.0,59.0,1731.0,8.0,29.338983050847457
20230923,departure,bus,11.0,52.0,2187.0,9.0,42.05769230769231
20230923,departure,bus,12.0,258.0,7817.0,24.0,30.2984496124031
20230923,departure,bus,13.0,119.0,4539.0,17.0,38.142857142857146
20230923,departure,bus,14.0,332.0,22568.0,29.0,67.97590361445783
20230923,departure,bus,15.0,257.0,13477.0,28.0,52.43968871595331
20230923,departure,bus,16.0,278.0,10964.0,28.0,39.43884892086331
20230923,departure,bus,17.0,373.0,27139.0,44.0,72.75871313672923
20230923,departure,bus,18.0,334.0,12000.0,45.0,35.92814371257485
20230923,departure,bus,19.0,467.0,22543.0,52.0,48.271948608137045
20230923,departure,bus,20.0,577.0,20965.0,68.0,36.334488734835354
20230923,departure,bus,21.0,238.0,8909.0,37.0,37.4327731092437
20230923,departure,bus,22.0,109.0,3181.0,17.0,29.18348623853211
20230923,departure,bus,23.0,29.0,769.0,5.0,26.517241379310345
20230923,departure,car,8.0,522.0,16327.0,59.0,31.27777777777778
20230923,departure,car,9.0,697.0,20318.0,74.0,29.1506456241033
20230923,departure,car,10.0,731.0,25752.0,75.0,35.22845417236662
20230923,departure,car,11.0,772.0,33759.0,82.0,43.729274611398964
20230923,departure,car,12.0,1187.0,57931.0,142.0,48.80454928390901
20230923,departure,car,13.0,1307.0,70211.0,163.0,53.71920428462127
20230923,departure,car,14.0,1122.0,53705.0,143.0,47.86541889483066
20230923,departure,car,15.0,1371.0,79255.0,167.0,57.80816921954778
20230923,departure,car,16.0,1709.0,101396.0,209.0,59.330602691632535
20230923,departure,car,17.0,1776.0,95578.0,207.0,53.81644144144144
20230923,departure,car,18.0,2209.0,120484.0,269.0,54.54232684472612
20230923,departure,car,19.0,2552.0,124381.0,329.0,48.73863636363637
20230923,departure,car,20.0,2912.0,139743.0,375.0,47.988667582417584
20230923,departure,car,21.0,1899.0,88364.0,255.0,46.5318588730911
20230923,departure,car,22.0,757.0,29029.0,121.0,38.347424042272124
20230923,departure,car,23.0,127.0,2962.0,23.0,23.322834645669293
20230930,arrival,all,8.0,103.0,1649.0,9.0,16.009708737864077
20230930,arrival,all,9.0,160.0,3149.0,20.0,19.68125
20230930,arrival,all,10.0,768.0,24447.0,62.0,31.83203125
20230930,arrival,all,11.0,729.0,23510.0,67.0,32.249657064471876
20230930,arrival,all,12.0,783.0,25821.0,77.0,32.97701149425287
20230930,arrival,all,13.0,648.0,24564.0,68.0,37.907407407407405
20230930,arrival,all,14.0,991.0,44433.0,78.0,44.836528758829466
20230930,arrival,all,15.0,1193.0,48360.0,98.0,40.53646269907795
20230930,arrival,all,16.0,1149.0,45223.0,99.0,39.3585726718886
20230930,arrival,all,17.0,999.0,52567.0,95.0,52.61961961961962
20230930,arrival,all,18.0,672.0,28166.0,64.0,41.913690476190474
20230930,arrival,all,19.0,534.0,23186.0,62.0,43.41947565543071
20230930,arrival,all,20.0,454.0,16312.0,47.0,35.929515418502206
20230930,arrival,all,21.0,237.0,7623.0,41.0,32.164556962025316
20230930,arrival,all,22.0,230.0,4813.0,29.0,20.92608695652174
20230930,arrival,all,23.0,86.0,3320.0,13.0,38.604651162790695
20230930,arrival,bus,9.0,10.0,200.0,2.0,20.0
20230930,arrival,bus,10.0,73.0,2316.0,6.0,31.726027397260275
20230930,arrival,bus,11.0,79.0,2333.0,6.0,29.531645569620252
20230930,arrival,bus,12.0,131.0,3104.0,10.0,23.69465648854962
20230930,arrival,bus,13.0,122.0,4613.0,10.0,37.81147540983606
20230930,arrival,bus,14.0,95.0,1337.0,6.0,14.073684210526316
20230930,arrival,bus,15.0,90.0,3814.0,4.0,42.37777777777778
20230930,arrival,bus,16.0,95.0,3825.0,9.0,40.26315789473684
20230930,arrival,bus,17.0,36.0,834.0,7.0,23.166666666666668
20230930,arrival,bus,18.0,56.0,2776.0,4.0,49.57142857142857
20230930,arrival,bus,19.0,60.0,1106.0,5.0,18.433333333333334
20230930,arrival,bus,21.0,10.0,175.0,2.0,17.5
20230930,arrival,bus,22.0,19.0,190.0,1.0,10.0
20230930,arrival,car,8.0,46.0,469.0,6.0,10.195652173913043
20230930,arrival,car,9.0,85.0,1911.0,12.0,22.48235294117647
20230930,arrival,car,10.0,621.0,18672.0,51.0,30.067632850241544
20230930,arrival,car,11.0,568.0,18429.0,53.0,32.445422535211264
20230930,arrival,car,12.0,542.0,19798.0,56.0,36.52767527675277
20230930,arrival,car,13.0,412.0,17429.0,45.0,42.30339805825243
20230930,arrival,car,14.0,808.0,39570.0,63.0,48.972772277227726
20230930,arrival,car,15.0,980.0,40959.0,80.0,41.79489795918367
20230930,arrival,car,16.0,927.0,36149.0,77.0,38.995685005393746
20230930,arrival,car,17.0,725.0,41973.0,62.0,57.893793103448274
20230930,arrival,car,18.0,504.0,23558.0,48.0,46.742063492063494
20230930,arrival,car,19.0,419.0,20045.0,48.0,47.840095465393794
20230930,arrival,car,20.0,388.0,14118.0,38.0,36.38659793814433
20230930,arrival,car,21.0,208.0,6946.0,36.0,33.39423076923077
20230930,arrival,car,22.0,184.0,4544.0,23.0,24.695652173913043
20230930,arrival,car,23.0,69.0,3279.0,10.0,47.52173913043478
20230930,departure,all,8.0,304.0,12719.0,33.0,41.838815789473685
20230930,departure,all,9.0,322.0,7962.0,44.0,24.726708074534162
20230930,departure,all,10.0,576.0,20968.0,61.0,36.40277777777778
20230930,departure,all,11.0,470.0,17010.0,56.0,36.191489361702125
20230930,departure,all,12.0,913.0,34710.0,95.0,38.017524644030665
20230930,departure,all,13.0,1117.0,49579.0,118.0,44.38585496866607
20230930,departure,all,14.0,1308.0,62435.0,138.0,47.73318042813456
20230930,departure,all,15.0,1408.0,57332.0,153.0,40.71875
20230930,departure,all,16.0,1335.0,59900.0,166.0,44.8689138576779
20230930,departure,all,17.0,1597.0,75494.0,187.0,47.27238572323106
20230930,departure,all,18.0,2301.0,109791.0,266.0,47.714471968709255
20230930,departure,all,19.0,1736.0,77899.0,201.0,44.87269585253456
20230930,departure,all,20.0,1810.0,73032.0,233.0,40.34917127071823
20230930,departure,all,21.0,1050.0,45085.0,149.0,42.93809523809524
20230930,departure,all,22.0,683.0,23395.0,107.0,34.25329428989751
20230930,departure,all,23.0,151.0,3680.0,14.0,24.370860927152318
20230930,departure,bus,8.0,5.0,835.0,1.0,167.0
20230930,departure,bus,9.0,7.0,84.0,1.0,12.0
20230930,departure,bus,10.0,32.0,1078.0,4.0,33.6875
20230930,departure,bus,11.0,20.0,460.0,3.0,23.0
20230930,departure,bus,12.0,166.0,4623.0,14.0,27.849397590361445
20230930,departure,bus,13.0,167.0,5286.0,18.0,31.652694610778443
20230930,departure,bus,14.0,215.0,10657.0,20.0,49.56744186046512
20230930,departure,bus,15.0,179.0,5953.0,12.0,33.25698324022346
20230930,departure,bus,16.0,104.0,4251.0,15.0,40.875
20230930,departure,bus,17.0,119.0,3683.0,21.0,30.949579831932773
20230930,departure,bus,18.0,233.0,8264.0,33.0,35.467811158798284
20230930,departure,bus,19.0,290.0,9363.0,29.0,32.286206896551725
20230930,departure,bus,20.0,239.0,8609.0,25.0,36.02092050209205
20230930,departure,bus,21.0,179.0,6177.0,18.0,34.50837988826816
20230930,departure,bus,22.0,66.0,1465.0,10.0,22.196969696969695
20230930,departure,bus,23.0,7.0,70.0,1.0,10.0
20230930,departure,car,8.0,201.0,6621.0,22.0,32.940298507462686
20230930,departure,car,9.0,247.0,6134.0,35.0,24.83400809716599
20230930,departure,car,10.0,476.0,17298.0,50.0,36.34033613445378
20230930,departure,car,11.0,281.0,8746.0,41.0,31.12455516014235
20230930,departure,car,12.0,659.0,27244.0,69.0,41.34142640364188
20230930,departure,car,13.0,820.0,38252.0,83.0,46.64878048780488
20230930,departure,car,14.0,904.0,40203.0,93.0,44.472345132743364
20230930,departure,car,15.0,1034.0,44696.0,120.0,43.22630560928433
20230930,departure,car,16.0,1069.0,45508.0,123.0,42.57062675397568
20230930,departure,car,17.0,1283.0,62754.0,135.0,48.91192517537023
20230930,departure,car,18.0,1727.0,84768.0,189.0,49.0839606253619
20230930,departure,car,19.0,1202.0,55343.0,135.0,46.04242928452579
20230930,departure,car,20.0,1168.0,46344.0,157.0,39.678082191780824
20230930,departure,car,21.0,738.0,31616.0,108.0,42.84010840108401
20230930,departure,car,22.0,482.0,16728.0,73.0,34.70539419087137
20230930,departure,car,23.0,132.0,3208.0,11.0,24.303030303030305
20231014,arrival,all,8.0,155.0,2736.0,22.0,17.651612903225807
20231014,arrival,all,9.0,381.0,11053.0,50.0,29.010498687664043
20231014,arrival,all,10.0,795.0,25432.0,89.0,31.989937106918237
20231014,arrival,all,11.0,941.0,36605.0,113.0,38.90010626992561
20231014,arrival,all,12.0,1062.0,35626.0,128.0,33.546139359698685
20231014,arrival,all,13.0,1337.0,53677.0,151.0,40.147344801795064
20231014,arrival,all,14.0,1089.0,50109.0,125.0,46.01377410468319
20231014,arrival,all,15.0,1126.0,45696.0,116.0,40.58259325044405
20231014,arrival,all,16.0,1217.0,49939.0,149.0,41.034511092851275
20231014,arrival,all,17.0,1185.0,53766.0,135.0,45.372151898734174
20231014,arrival,all,18.0,1244.0,49771.0,144.0,40.008842443729904
20231014,arrival,all,19.0,800.0,29999.0,78.0,37.49875
20231014,arrival,all,20.0,585.0,23119.0,68.0,39.51965811965812
20231014,arrival,all,21.0,376.0,12672.0,47.0,33.702127659574465
20231014,arrival,all,22.0,283.0,9727.0,43.0,34.371024734982335
20231014,arrival,all,23.0,156.0,2924.0,20.0,18.743589743589745
20231014,arrival,bus,8.0,10.0,95.0,2.0,9.5
20231014,arrival,bus,9.0,23.0,627.0,3.0,27.26086956521739
20231014,arrival,bus,10.0,119.0,2220.0,12.0,18.65546218487395
20231014,arrival,bus,11.0,95.0,1985.0,13.0,20.894736842105264
20231014,arrival,bus,12.0,264.0,6986.0,25.0,26.46212121212121
20231014,arrival,bus,13.0,248.0,5079.0,21.0,20.47983870967742
20231014,arrival,bus,14.0,130.0,6970.0,9.0,53.61538461538461
20231014,arrival,bus,15.0,126.0,3106.0,15.0,24.650793650793652
20231014,arrival,bus,16.0,180.0,4995.0,15.0,27.75
20231014,arrival,bus,17.0,217.0,10366.0,19.0,47.76958525345622
20231014,arrival,bus,18.0,139.0,5883.0,15.0,42.32374100719424
20231014,arrival,bus,19.0,80.0,2868.0,6.0,35.85
20231014,arrival,bus,20.0,41.0,2208.0,4.0,53.853658536585364
20231014,arrival,bus,22.0,5.0,55.0,1.0,11.0
20231014,arrival,bus,23.0,19.0,228.0,1.0,12.0
20231014,arrival,car,8.0,124.0,2373.0,16.0,19.137096774193548
20231014,arrival,car,9.0,294.0,8473.0,36.0,28.81972789115646
20231014,arrival,car,10.0,610.0,21077.0,67.0,34.55245901639344
20231014,arrival,car,11.0,751.0,29304.0,87.0,39.01997336884155
20231014,arrival,car,12.0,678.0,25198.0,84.0,37.16519174041298
20231014,arrival,car,13.0,889.0,39167.0,98.0,44.05736782902137
20231014,arrival,car,14.0,754.0,34816.0,86.0,46.175066312997345
20231014,arrival,car,15.0,817.0,35664.0,79.0,43.65238678090575
20231014,arrival,car,16.0,802.0,34834.0,105.0,43.433915211970074
20231014,arrival,car,17.0,777.0,34582.0,91.0,44.5070785070785
20231014,arrival,car,18.0,863.0,33711.0,99.0,39.06257242178447
20231014,arrival,car,19.0,642.0,23732.0,61.0,36.965732087227416
20231014,arrival,car,20.0,395.0,15449.0,47.0,39.11139240506329
20231014,arrival,car,21.0,278.0,10087.0,35.0,36.28417266187051
20231014,arrival,car,22.0,228.0,9530.0,34.0,41.79824561403509
20231014,arrival,car,23.0,100.0,2513.0,12.0,25.13
20231014,departure,all,8.0,471.0,15051.0,70.0,31.955414012738853
20231014,departure,all,9.0,723.0,27395.0,69.0,37.89073305670816
20231014,departure,all,10.0,959.0,38244.0,82.0,39.879040667361835
20231014,departure,all,11.0,969.0,39382.0,106.0,40.64189886480908
20231014,departure,all,12.0,1402.0,68532.0,158.0,48.88159771754636
20231014,departure,all,13.0,1351.0,57031.0,172.0,42.213915618060696
20231014,departure,all,14.0,1784.0,82902.0,218.0,46.469730941704036
20231014,departure,all,15.0,2478.0,129255.0,306.0,52.16101694915254
20231014,departure,all,16.0,2333.0,112414.0,328.0,48.184312044577794
20231014,departure,all,17.0,1846.0,79856.0,262.0,43.25893824485374
20231014,departure,all,18.0,2138.0,84903.0,302.0,39.71141253507951
20231014,departure,all,19.0,2321.0,93258.0,317.0,40.18009478672986
20231014,departure,all,20.0,2954.0,124443.0,380.0,42.12694651320244
20231014,departure,all,21.0,1914.0,78621.0,270.0,41.07680250783699
20231014,departure,all,22.0,900.0,29346.0,121.0,32.60666666666667
20231014,departure,all,23.0,212.0,4247.0,30.0,20.03301886792453
20231014,departure,bus,8.0,24.0,1019.0,4.0,42.458333333333336
20231014,departure,bus,9.0,101.0,2809.0,6.0,27.81188118811881
20231014,departure,bus,10.0,120.0,3597.0,10.0,29.975
20231014,departure,bus,11.0,149.0,5217.0,12.0,35.013422818791945
20231014,departure,bus,12.0,245.0,9826.0,25.0,40.10612244897959
20231014,departure,bus,13.0,282.0,8008.0,32.0,28.397163120567377
20231014,departure,bus,14.0,226.0,7187.0,28.0,31.800884955752213
20231014,departure,bus,15.0,343.0,12949.0,31.0,37.75218658892128
20231014,departure,bus,16.0,227.0,7289.0,32.0,32.11013215859031
20231014,departure,bus,17.0,199.0,5571.0,33.0,27.99497487437186
20231014,departure,bus,18.0,389.0,10325.0,42.0,26.542416452442158
20231014,departure,bus,19.0,233.0,6002.0,40.0,25.759656652360515
20231014,departure,bus,20.0,394.0,9630.0,44.0,24.441624365482234
20231014,departure,bus,21.0,322.0,9264.0,38.0,28.770186335403725
20231014,departure,bus,22.0,69.0,1485.0,11.0,21.52173913043478
20231014,departure,bus,23.0,6.0,138.0,1.0,23.0
20231014,departure,car,8.0,289.0,9146.0,47.0,31.647058823529413
20231014,departure,car,9.0,465.0,18294.0,49.0,39.34193548387097
20231014,departure,car,10.0,713.0,30197.0,53.0,42.35203366058906
20231014,departure,car,11.0,677.0,28654.0,74.0,42.32496307237814
20231014,departure,car,12.0,970.0,49859.0,106.0,51.40103092783505
20231014,departure,car,13.0,887.0,39724.0,114.0,44.78466741826381
20231014,departure,car,14.0,1195.0,55252.0,152.0,46.23598326359833
20231014,departure,car,15.0,1560.0,79770.0,197.0,51.13461538461539
20231014,departure,car,16.0,1482.0,70104.0,212.0,47.30364372469636
20231014,departure,car,17.0,1203.0,52342.0,169.0,43.509559434746464
20231014,departure,car,18.0,1373.0,53625.0,211.0,39.056809905316825
20231014,departure,car,19.0,1623.0,65881.0,219.0,40.59211337030191
20231014,departure,car,20.0,2035.0,87396.0,260.0,42.94643734643735
20231014,departure,car,21.0,1121.0,47844.0,160.0,42.67975022301516
20231014,departure,car,22.0,646.0,22188.0,84.0,34.34674922600619
20231014,departure,car,23.0,177.0,3788.0,24.0,21.401129943502823
20231007,arrival,all,8.0,251.0,4182.0,34.0,16.661354581673308
20231007,arrival,all,9.0,594.0,19956.0,75.0,33.5959595959596
20231007,arrival,all,10.0,1177.0,45619.0,127.0,38.758708581138485
20231007,arrival,all,11.0,1368.0,57800.0,135.0,42.251461988304094
20231007,arrival,all,12.0,1629.0,73853.0,186.0,45.33640270104358
20231007,arrival,all,13.0,2371.0,114227.0,240.0,48.176718684099534
20231007,arrival,all,14.0,3262.0,175234.0,299.0,53.71980380134887
20231007,arrival,all,15.0,3449.0,183663.0,340.0,53.25108727167295
20231007,arrival,all,16.0,4742.0,293587.0,481.0,61.91206242091944
20231007,arrival,all,17.0,5775.0,384736.0,568.0,66.62095238095237
20231007,arrival,all,18.0,8533.0,522385.0,879.0,61.21938356967069
20231007,arrival,all,19.0,9427.0,567950.0,988.0,60.24716240585552
20231007,arrival,all,20.0,1699.0,81940.0,204.0,48.228369629193644
20231007,arrival,all,21.0,638.0,20086.0,72.0,31.482758620689655
20231007,arrival,all,22.0,312.0,6458.0,45.0,20.69871794871795
20231007,arrival,all,23.0,313.0,4336.0,35.0,13.853035143769969
20231007,arrival,bus,8.0,17.0,289.0,3.0,17.0
20231007,arrival,bus,9.0,19.0,357.0,3.0,18.789473684210527
20231007,arrival,bus,10.0,127.0,5300.0,12.0,41.732283464566926
20231007,arrival,bus,11.0,162.0,4683.0,11.0,28.90740740740741
20231007,arrival,bus,12.0,163.0,7026.0,13.0,43.104294478527606
20231007,arrival,bus,13.0,167.0,5611.0,13.0,33.59880239520958
20231007,arrival,bus,14.0,215.0,10823.0,19.0,50.33953488372093
20231007,arrival,bus,15.0,200.0,8414.0,15.0,42.07
20231007,arrival,bus,16.0,361.0,16315.0,26.0,45.19390581717452
20231007,arrival,bus,17.0,428.0,24859.0,42.0,58.08177570093458
20231007,arrival,bus,18.0,790.0,37504.0,79.0,47.473417721518985
20231007,arrival,bus,19.0,1092.0,53783.0,110.0,49.251831501831504
20231007,arrival,bus,20.0,110.0,8088.0,13.0,73.52727272727273
20231007,arrival,bus,21.0,10.0,555.0,2.0,55.5
20231007,arrival,car,8.0,187.0,3028.0,25.0,16.192513368983956
20231007,arrival,car,9.0,470.0,15777.0,55.0,33.56808510638298
20231007,arrival,car,10.0,870.0,33073.0,90.0,38.01494252873563
20231007,arrival,car,11.0,914.0,39650.0,95.0,43.38074398249453
20231007,arrival,car,12.0,1032.0,46993.0,128.0,45.53585271317829
20231007,arrival,car,13.0,1626.0,75907.0,154.0,46.683271832718326
20231007,arrival,car,14.0,2200.0,117673.0,185.0,53.48772727272727
20231007,arrival,car,15.0,1942.0,93995.0,197.0,48.40113285272915
20231007,arrival,car,16.0,2730.0,168649.0,279.0,61.77619047619048
20231007,arrival,car,17.0,3559.0,229592.0,348.0,64.5102556898005
20231007,arrival,car,18.0,5638.0,337276.0,566.0,59.821922667612625
20231007,arrival,car,19.0,6708.0,395659.0,700.0,58.983154442456765
20231007,arrival,car,20.0,1366.0,66372.0,163.0,48.588579795021964
20231007,arrival,car,21.0,593.0,18167.0,65.0,30.63575042158516
20231007,arrival,car,22.0,220.0,4847.0,31.0,22.03181818181818
20231007,arrival,car,23.0,185.0,3889.0,27.0,21.021621621621623
20231007,departure,all,8.0,516.0,21277.0,68.0,41.23449612403101
20231007,departure,all,9.0,835.0,34043.0,92.0,40.77005988023952
20231007,departure,all,10.0,1015.0,35653.0,108.0,35.12610837438424
20231007,departure,all,11.0,955.0,40464.0,122.0,42.370680628272254
20231007,departure,all,12.0,1092.0,47967.0,144.0,43.925824175824175
20231007,departure,all,13.0,1492.0,64248.0,194.0,43.061662198391424
20231007,departure,all,14.0,1599.0,65914.0,197.0,41.222013758599125
20231007,departure,all,15.0,1634.0,64761.0,209.0,39.63341493268054
20231007,departure,all,16.0,1523.0,70098.0,207.0,46.02626395272488
20231007,departure,all,17.0,1852.0,79511.0,252.0,42.932505399568036
20231007,departure,all,18.0,2707.0,123235.0,310.0,45.524565940155156
20231007,departure,all,19.0,6374.0,474493.0,760.0,74.44195167869469
20231007,departure,all,20.0,38994.0,2905293.0,4161.0,74.50615479304508
20231007,departure,all,21.0,17745.0,1202449.0,2000.0,67.76269371653987
20231007,departure,all,22.0,4666.0,221008.0,566.0,47.365623660522935
20231007,departure,all,23.0,568.0,12622.0,79.0,22.221830985915492
20231007,departure,bus,8.0,52.0,948.0,7.0,18.23076923076923
20231007,departure,bus,9.0,59.0,1258.0,6.0,21.322033898305083
20231007,departure,bus,10.0,99.0,1981.0,8.0,20.01010101010101
20231007,departure,bus,11.0,81.0,1941.0,7.0,23.962962962962962
20231007,departure,bus,12.0,93.0,2047.0,9.0,22.010752688172044
20231007,departure,bus,13.0,142.0,3774.0,21.0,26.577464788732396
20231007,departure,bus,14.0,184.0,5906.0,25.0,32.09782608695652
20231007,departure,bus,15.0,227.0,6854.0,21.0,30.19383259911894
20231007,departure,bus,16.0,138.0,5228.0,21.0,37.88405797101449
20231007,departure,bus,17.0,91.0,5516.0,15.0,60.61538461538461
20231007,departure,bus,18.0,190.0,10379.0,28.0,54.626315789473686
20231007,departure,bus,19.0,535.0,42473.0,64.0,79.38878504672897
20231007,departure,bus,20.0,5462.0,366666.0,601.0,67.13035518125228
20231007,departure,bus,21.0,2083.0,124272.0,220.0,59.660105616898704
20231007,departure,bus,22.0,302.0,11172.0,40.0,36.99337748344371
20231007,departure,bus,23.0,28.0,632.0,5.0,22.571428571428573
20231007,departure,car,8.0,308.0,13265.0,43.0,43.06818181818182
20231007,departure,car,9.0,649.0,29014.0,67.0,44.705701078582436
20231007,departure,car,10.0,711.0,22479.0,77.0,31.616033755274263
20231007,departure,car,11.0,759.0,33571.0,97.0,44.23056653491436
20231007,departure,car,12.0,660.0,25077.0,100.0,37.99545454545454
20231007,departure,car,13.0,1112.0,45742.0,137.0,41.134892086330936
20231007,departure,car,14.0,1067.0,38071.0,127.0,35.68041237113402
20231007,departure,car,15.0,1074.0,42713.0,145.0,39.77001862197393
20231007,departure,car,16.0,1117.0,47011.0,147.0,42.08683974932856
20231007,departure,car,17.0,1466.0,56368.0,191.0,38.45020463847203
20231007,departure,car,18.0,2154.0,88912.0,232.0,41.27762302692665
20231007,departure,car,19.0,4754.0,329553.0,553.0,69.32120319730753
20231007,departure,car,20.0,25673.0,1792798.0,2543.0,69.83204144431893
20231007,departure,car,21.0,10750.0,697446.0,1194.0,64.8786976744186
20231007,departure,car,22.0,2987.0,136232.0,341.0,45.60830264479411
20231007,departure,car,23.0,448.0,9500.0,58.0,21.205357142857142
