date,hour,half_hour,geton,getoff,total
20231007,4,0,6.0,49.0,55.0
20231007,4,30,20.0,179.0,199.0
20231007,5,0,118.0,330.0,448.0
20231007,5,30,162.0,331.0,493.0
20231007,6,0,182.0,419.0,601.0
20231007,6,30,188.0,413.0,601.0
20231007,7,0,275.0,461.0,736.0
20231007,7,30,309.0,666.0,975.0
20231007,8,0,439.0,916.0,1355.0
20231007,8,30,431.0,840.0,1271.0
20231007,9,0,506.0,936.0,1442.0
20231007,9,30,513.0,1059.0,1572.0
20231007,10,0,601.0,1123.0,1724.0
20231007,10,30,635.0,1263.0,1898.0
20231007,11,0,745.0,1219.0,1964.0
20231007,11,30,744.0,1299.0,2043.0
20231007,12,0,840.0,1469.0,2309.0
20231007,12,30,820.0,1514.0,2334.0
20231007,13,0,1001.0,1703.0,2704.0
20231007,13,30,924.0,1589.0,2513.0
20231007,14,0,663.0,1578.0,2241.0
20231007,14,30,696.0,1478.0,2174.0
20231007,15,0,768.0,1795.0,2563.0
20231007,15,30,728.0,1862.0,2590.0
20231007,16,0,826.0,2184.0,3010.0
20231007,16,30,863.0,2166.0,3029.0
20231007,17,0,890.0,2501.0,3391.0
20231007,17,30,763.0,2514.0,3277.0
20231007,18,0,758.0,2653.0,3411.0
20231007,18,30,604.0,2078.0,2682.0
20231007,19,0,551.0,1468.0,2019.0
20231007,19,30,602.0,850.0,1452.0
20231007,20,0,1195.0,509.0,1704.0
20231007,20,30,3000.0,680.0,3680.0
20231007,21,0,4892.0,894.0,5786.0
20231007,21,30,5079.0,884.0,5963.0
20231007,22,0,3802.0,577.0,4379.0
20231007,22,30,1949.0,313.0,2262.0
20231007,23,0,1899.0,429.0,2328.0
20231007,23,30,1295.0,229.0,1524.0
20231014,4,0,11.0,66.0,77.0
20231014,4,30,28.0,193.0,221.0
20231014,5,0,120.0,326.0,446.0
20231014,5,30,147.0,323.0,470.0
20231014,6,0,161.0,378.0,539.0
20231014,6,30,182.0,338.0,520.0
20231014,7,0,171.0,391.0,562.0
20231014,7,30,218.0,464.0,682.0
20231014,8,0,394.0,571.0,965.0
20231014,8,30,352.0,645.0,997.0
20231014,9,0,441.0,755.0,1196.0
20231014,9,30,437.0,792.0,1229.0
20231014,10,0,409.0,801.0,1210.0
20231014,10,30,566.0,852.0,1418.0
20231014,11,0,562.0,837.0,1399.0
20231014,11,30,612.0,859.0,1471.0
20231014,12,0,687.0,903.0,1590.0
20231014,12,30,726.0,965.0,1691.0
20231014,13,0,750.0,933.0,1683.0
20231014,13,30,794.0,929.0,1723.0
20231014,14,0,750.0,910.0,1660.0
20231014,14,30,729.0,877.0,1606.0
20231014,15,0,810.0,855.0,1665.0
20231014,15,30,981.0,953.0,1934.0
20231014,16,0,1236.0,1014.0,2250.0
20231014,16,30,1025.0,1035.0,2060.0
20231014,17,0,1125.0,996.0,2121.0
20231014,17,30,999.0,943.0,1942.0
20231014,18,0,1118.0,785.0,1903.0
20231014,18,30,1033.0,751.0,1784.0
20231014,19,0,984.0,664.0,1648.0
20231014,19,30,911.0,469.0,1380.0
20231014,20,0,1115.0,479.0,1594.0
20231014,20,30,1136.0,457.0,1593.0
20231014,21,0,1127.0,415.0,1542.0
20231014,21,30,913.0,338.0,1251.0
20231014,22,0,936.0,356.0,1292.0
20231014,22,30,593.0,258.0,851.0
20231014,23,0,480.0,237.0,717.0
20231014,23,30,332.0,111.0,443.0
20231021,4,0,4.0,28.0,32.0
20231021,4,30,16.0,187.0,203.0
20231021,5,0,67.0,281.0,348.0
20231021,5,30,130.0,359.0,489.0
20231021,6,0,152.0,458.0,610.0
20231021,6,30,162.0,451.0,613.0
20231021,7,0,226.0,334.0,560.0
20231021,7,30,244.0,339.0,583.0
20231021,8,0,327.0,476.0,803.0
20231021,8,30,371.0,560.0,931.0
20231021,9,0,490.0,604.0,1094.0
20231021,9,30,483.0,687.0,1170.0
20231021,10,0,503.0,732.0,1235.0
20231021,10,30,570.0,733.0,1303.0
20231021,11,0,618.0,732.0,1350.0
20231021,11,30,674.0,827.0,1501.0
20231021,12,0,734.0,933.0,1667.0
20231021,12,30,720.0,873.0,1593.0
20231021,13,0,820.0,983.0,1803.0
20231021,13,30,833.0,954.0,1787.0
20231021,14,0,834.0,979.0,1813.0
20231021,14,30,767.0,971.0,1738.0
20231021,15,0,1040.0,982.0,2022.0
20231021,15,30,989.0,977.0,1966.0
20231021,16,0,1357.0,1128.0,2485.0
20231021,16,30,1260.0,1106.0,2366.0
20231021,17,0,1305.0,1032.0,2337.0
20231021,17,30,1141.0,889.0,2030.0
20231021,18,0,1398.0,946.0,2344.0
20231021,18,30,1232.0,798.0,2030.0
20231021,19,0,1181.0,614.0,1795.0
20231021,19,30,1030.0,528.0,1558.0
20231021,20,0,1323.0,402.0,1725.0
20231021,20,30,1439.0,448.0,1887.0
20231021,21,0,1159.0,398.0,1557.0
20231021,21,30,953.0,362.0,1315.0
20231021,22,0,836.0,323.0,1159.0
20231021,22,30,543.0,238.0,781.0
20231021,23,0,383.0,200.0,583.0
20231021,23,30,287.0,104.0,391.0
20231028,4,0,6.0,52.0,58.0
20231028,4,30,11.0,183.0,194.0
20231028,5,0,104.0,292.0,396.0
20231028,5,30,162.0,331.0,493.0
20231028,6,0,167.0,427.0,594.0
20231028,6,30,126.0,336.0,462.0
20231028,7,0,161.0,401.0,562.0
20231028,7,30,246.0,526.0,772.0
20231028,8,0,296.0,686.0,982.0
20231028,8,30,344.0,788.0,1132.0
20231028,9,0,459.0,830.0,1289.0
20231028,9,30,416.0,850.0,1266.0
20231028,10,0,399.0,834.0,1233.0
20231028,10,30,505.0,955.0,1460.0
20231028,11,0,573.0,961.0,1534.0
20231028,11,30,676.0,988.0,1664.0
20231028,12,0,649.0,1031.0,1680.0
20231028,12,30,722.0,1076.0,1798.0
20231028,13,0,731.0,1147.0,1878.0
20231028,13,30,612.0,1137.0,1749.0
20231028,14,0,746.0,1041.0,1787.0
20231028,14,30,735.0,899.0,1634.0
20231028,15,0,828.0,958.0,1786.0
20231028,15,30,875.0,965.0,1840.0
20231028,16,0,1271.0,1043.0,2314.0
20231028,16,30,1320.0,962.0,2282.0
20231028,17,0,1088.0,937.0,2025.0
20231028,17,30,1092.0,857.0,1949.0
20231028,18,0,1118.0,681.0,1799.0
20231028,18,30,982.0,645.0,1627.0
20231028,19,0,997.0,589.0,1586.0
20231028,19,30,785.0,465.0,1250.0
20231028,20,0,877.0,467.0,1344.0
20231028,20,30,1100.0,430.0,1530.0
20231028,21,0,894.0,472.0,1366.0
20231028,21,30,714.0,346.0,1060.0
20231028,22,0,767.0,336.0,1103.0
20231028,22,30,433.0,223.0,656.0
20231028,23,0,346.0,189.0,535.0
20231028,23,30,256.0,123.0,379.0
