date,hour,stop_count
20231007,0,364.0
20231007,1,47.0
20231007,2,33.0
20231007,3,13.0
20231007,4,111.0
20231007,5,1180.0
20231007,6,1849.0
20231007,7,1934.0
20231007,8,1810.0
20231007,9,1719.0
20231007,10,1600.0
20231007,11,1623.0
20231007,12,1617.0
20231007,13,1546.0
20231007,14,1105.0
20231007,15,1055.0
20231007,16,1008.0
20231007,17,956.0
20231007,18,978.0
20231007,19,955.0
20231007,20,788.0
20231007,21,869.0
20231007,22,1105.0
20231007,23,1278.0
20231014,0,320.0
20231014,1,50.0
20231014,2,27.0
20231014,3,13.0
20231014,4,103.0
20231014,5,1134.0
20231014,6,1730.0
20231014,7,1787.0
20231014,8,1678.0
20231014,9,1592.0
20231014,10,1462.0
20231014,11,1456.0
20231014,12,1383.0
20231014,13,1425.0
20231014,14,1405.0
20231014,15,1429.0
20231014,16,1430.0
20231014,17,1434.0
20231014,18,1562.0
20231014,19,1577.0
20231014,20,1611.0
20231014,21,1612.0
20231014,22,1546.0
20231014,23,1437.0
20231021,0,334.0
20231021,1,54.0
20231021,2,30.0
20231021,3,13.0
20231021,4,92.0
20231021,5,1035.0
20231021,6,1612.0
20231021,7,1473.0
20231021,8,1309.0
20231021,9,1328.0
20231021,10,1517.0
20231021,11,1547.0
20231021,12,1560.0
20231021,13,1608.0
20231021,14,1562.0
20231021,15,1594.0
20231021,16,1484.0
20231021,17,1472.0
20231021,18,1629.0
20231021,19,1531.0
20231021,20,1741.0
20231021,21,1677.0
20231021,22,1607.0
20231021,23,1472.0
20231028,0,334.0
20231028,1,59.0
20231028,2,28.0
20231028,3,13.0
20231028,4,94.0
20231028,5,1140.0
20231028,6,1770.0
20231028,7,1834.0
20231028,8,1705.0
20231028,9,1659.0
20231028,10,1503.0
20231028,11,1505.0
20231028,12,1432.0
20231028,13,1386.0
20231028,14,1503.0
20231028,15,1477.0
20231028,16,1373.0
20231028,17,1497.0
20231028,18,1558.0
20231028,19,1641.0
20231028,20,1649.0
20231028,21,1674.0
20231028,22,1622.0
20231028,23,1488.0
