hour,is_event_window,event_departure_bus_od_cnts,normal_departure_bus_od_cnts,departure_bus_od_cnts_diff,event_departure_bus_avg_duration_min,normal_departure_bus_avg_duration_min,departure_bus_duration_diff_min,event_stay_cnts,normal_stay_cnts,stay_cnts_diff,event_bus_boardings_proxy,normal_bus_boardings_proxy,bus_boardings_proxy_diff,event_subway_boardings_proxy,normal_subway_boardings_proxy,subway_boardings_proxy_diff,event_tpss_stop_count,normal_tpss_stop_count,tpss_stop_count_diff,event_boardings_per_stop_count,normal_boardings_per_stop_count,demand_supply_stress_index
0,0,0,0.0,0.0,,,,0.0,0.0,0.0,0.0,0.0,0.0,0.0,0.0,0.0,364.0,329.3333333333333,34.666666666666686,0.0,0.0,
1,0,0,0.0,0.0,,,,0.0,0.0,0.0,0.0,0.0,0.0,0.0,0.0,0.0,47.0,54.333333333333336,-7.333333333333336,0.0,0.0,
2,0,0,0.0,0.0,,,,0.0,0.0,0.0,0.0,0.0,0.0,0.0,0.0,0.0,33.0,28.333333333333332,4.666666666666668,0.0,0.0,
3,0,0,0.0,0.0,,,,0.0,0.0,0.0,0.0,0.0,0.0,0.0,0.0,0.0,13.0,13.0,0.0,0.0,0.0,
4,0,0,0.0,0.0,,,,0.0,0.0,0.0,26.0,25.333333333333332,0.6666666666666679,0.0,0.3333333333333333,-0.3333333333333333,111.0,96.33333333333333,14.666666666666671,0.23423423423423423,0.2629757785467128,0.8907064959696539
5,0,0,0.0,0.0,,,,0.0,0.0,0.0,280.0,243.33333333333334,36.66666666666666,110.0,93.0,17.0,1180.0,1103.0,77.0,0.23728813559322035,0.2206104563312179,1.0755978639424193
6,0,0,0.0,0.0,,,,0.0,0.0,0.0,370.0,316.6666666666667,53.333333333333314,122.0,137.66666666666666,-15.666666666666657,1849.0,1704.0,145.0,0.20010816657652786,0.18583724569640064,1.0767925763570634
7,0,0,0.0,0.0,,,,0.0,0.0,0.0,584.0,422.0,162.0,198.0,180.66666666666666,17.333333333333343,1934.0,1698.0,236.0,0.3019648397104447,0.24852767962308597,1.2150149237638272
8,0,52.0,29.0,23.0,18.23076923076923,30.97241379310345,-12.74164456233422,51645.0,48644.4,3000.5999999999985,870.0,694.6666666666666,175.33333333333337,365.0,370.6666666666667,-5.666666666666686,1810.0,1564.0,246.0,0.48066298342541436,0.44416027280477405,1.082183645984666
9,0,59.0,63.2,-4.200000000000003,21.322033898305083,24.287974683544302,-2.9659407852392192,58014.0,53360.4,4653.5999999999985,1019.0,908.6666666666666,110.33333333333337,429.0,486.6666666666667,-57.666666666666686,1719.0,1526.3333333333333,192.66666666666674,0.5927865037812682,0.5953264905001092,0.9957334559113818
10,0,99.0,73.2,25.799999999999997,20.01010101010101,26.846994535519126,-6.836893525418116,67175.0,60492.8,6682.199999999997,1236.0,984.0,252.0,626.0,546.6666666666666,79.33333333333337,1600.0,1494.0,106.0,0.7725,0.6586345381526104,1.1728810975609756
11,0,81.0,118.6,-37.599999999999994,23.962962962962962,41.5362563237774,-17.57329336081444,79767.0,69739.2,10027.800000000003,1489.0,1238.3333333333333,250.66666666666674,858.0,795.3333333333334,62.66666666666663,1623.0,1502.6666666666667,120.33333333333326,0.9174368453481208,0.8240905057675243,1.1132719512326592
12,0,93.0,212.6,-119.6,22.010752688172044,33.180620884289745,-11.1698681961177,93438.0,79073.2,14364.800000000003,1660.0,1412.6666666666667,247.33333333333326,1111.0,949.3333333333334,161.66666666666663,1617.0,1458.3333333333333,158.66666666666674,1.0265924551638836,0.9686857142857144,1.0597786671406302
13,0,142.0,232.2,-90.19999999999999,26.577464788732396,34.75968992248062,-8.182225133748222,108818.0,88935.2,19882.800000000003,1925.0,1513.3333333333333,411.66666666666674,1601.0,1190.6666666666667,410.33333333333326,1546.0,1473.0,73.0,1.2451487710219922,1.0273817605793165,1.2119630879176617
14,0,184.0,240.6,-56.599999999999994,32.09782608695652,47.52369077306733,-15.425864686110806,125615.0,95164.2,30450.800000000003,1359.0,1520.3333333333333,-161.33333333333326,1698.0,1381.6666666666667,316.33333333333326,1105.0,1490.0,-385.0,1.2298642533936652,1.020357941834452,1.2053262908725462
15,0,227.0,317.4,-90.39999999999998,30.19383259911894,38.56773787019534,-8.373905271076396,145699.0,97518.6,48180.399999999994,1496.0,1841.0,-345.0,2087.0,1739.6666666666667,347.33333333333326,1055.0,1500.0,-445.0,1.4180094786729858,1.2273333333333334,1.155358076050776
16,0,138.0,333.6,-195.60000000000002,37.88405797101449,37.999400479616305,-0.11534250860181317,171809.0,96246.2,75562.8,1689.0,2489.6666666666665,-800.6666666666665,2202.0,2720.6666666666665,-518.6666666666665,1008.0,1429.0,-421.0,1.6755952380952381,1.742243993468626,0.961745452632787
17,0,91.0,346.0,-255.0,60.61538461538461,46.3,14.315384615384616,200757.0,92459.8,108297.2,1653.0,2250.0,-597.0,2209.0,2566.6666666666665,-357.6666666666665,956.0,1467.6666666666667,-511.66666666666674,1.7290794979079498,1.5330456506927095,1.1278721524872153
18,1,190.0,335.2,-145.2,54.626315789473686,33.33353221957041,21.29278356990328,238023.0,87147.4,150875.6,1362.0,2293.6666666666665,-931.6666666666665,1687.0,2683.0,-996.0,978.0,1583.0,-605.0,1.392638036809816,1.448936618235418,0.9611448970803395
19,1,535.0,342.6,192.39999999999998,79.38878504672897,35.026853473438415,44.361931573290555,270270.0,80968.4,189301.6,1153.0,1962.6666666666667,-809.6666666666667,1358.0,2615.3333333333335,-1257.3333333333335,955.0,1583.0,-628.0,1.2073298429319372,1.2398399663086965,0.973778774470749
20,1,5462.0,388.8,5073.2,67.13035518125228,31.594135802469136,35.536219378783144,258757.0,70809.8,187947.2,4195.0,2330.0,1865.0,6475.0,3125.3333333333335,3349.6666666666665,788.0,1667.0,-879.0,5.323604060913706,1.3977204559088183,3.808775952593625
21,1,2083.0,245.0,1838.0,59.660105616898704,32.28163265306122,27.37847296383748,159795.0,57944.0,101851.0,9971.0,1920.0,8051.0,14286.0,2207.3333333333335,12078.666666666666,869.0,1654.3333333333333,-785.3333333333333,11.474108170310702,1.160588353818255,9.886458133550697
22,1,302.0,117.2,184.8,36.99337748344371,28.848122866894197,8.145254616549511,91378.0,49245.8,42132.2,5751.0,1369.3333333333333,4381.666666666667,8701.0,1381.0,7320.0,1105.0,1591.6666666666667,-486.66666666666674,5.204524886877828,0.8603141361256543,6.049563372648889
23,1,28.0,14.0,14.0,22.571428571428573,22.47142857142857,0.10000000000000142,60293.0,43321.4,16971.6,3194.0,694.6666666666666,2499.3333333333335,3839.0,520.0,3319.0,1278.0,1465.6666666666667,-187.66666666666674,2.4992175273865413,0.4739595178530816,5.27306116502813
