flow,mode,hour,target_avg_duration,normal_pooled_avg_duration,strict_20231014_avg_duration,duration_diff,target_od_cnts,normal_avg_od_cnts,strict_20231014_od_cnts,od_cnts_diff,is_event_window
arrival,all,0,,,,,0,0.0,0,0.0,0
arrival,all,1,,,,,0,0.0,0,0.0,0
arrival,all,2,,,,,0,0.0,0,0.0,0
arrival,all,3,,,,,0,0.0,0,0.0,0
arrival,all,4,,,,,0,0.0,0,0.0,0
arrival,all,5,,,,,0,0.0,0,0.0,0
arrival,all,6,,,,,0,0.0,0,0.0,0
arrival,all,7,,,,,0,0.0,0,0.0,0
arrival,all,8,16.661354581673308,17.128136200716845,17.651612903225807,-0.46678161904353743,251.0,223.2,155.0,27.80000000000001,0
arrival,all,9,33.5959595959596,28.7918142463597,29.010498687664043,4.804145349599899,594.0,508.2,381.0,85.80000000000001,0
arrival,all,10,38.758708581138485,34.475296221775096,31.989937106918237,4.283412359363389,1177.0,894.6,795.0,282.4,0
arrival,all,11,42.251461988304094,42.36467557559169,38.90010626992561,-0.11321358728759634,1368.0,1242.2,941.0,125.79999999999995,0
arrival,all,12,45.33640270104358,39.17284646834908,33.546139359698685,6.1635562326945035,1629.0,1418.6,1062.0,210.4000000000001,0
arrival,all,13,48.176718684099534,45.68731360403763,40.147344801795064,2.489405080061907,2371.0,1743.6,1337.0,627.4000000000001,0
arrival,all,14,53.71980380134887,48.81747308501423,46.01377410468319,4.902330716334639,3262.0,1616.2,1089.0,1645.8,0
arrival,all,15,53.25108727167295,44.74147853032315,40.58259325044405,8.509608741349801,3449.0,1355.4,1126.0,2093.6,0
arrival,all,16,61.91206242091944,45.99123634892814,41.034511092851275,15.9208260719913,4742.0,1483.4,1217.0,3258.6,0
arrival,all,17,66.62095238095237,46.44397260273973,45.372151898734174,20.176979778212647,5775.0,1460.0,1185.0,4315.0,0
arrival,all,18,61.21938356967069,45.986763271561934,40.008842443729904,15.232620298108756,8533.0,1435.4,1244.0,7097.6,1
arrival,all,19,60.24716240585552,45.70231340026189,37.49875,14.544849005593626,9427.0,916.4,800.0,8510.6,1
arrival,all,20,48.228369629193644,42.695035460992905,39.51965811965812,5.533334168200739,1699.0,620.4,585.0,1078.6,1
arrival,all,21,31.482758620689655,33.18276310090948,33.702127659574465,-1.7000044802198282,638.0,461.8,376.0,176.2,1
arrival,all,22,20.69871794871795,37.59592326139089,34.371024734982335,-16.897205312672938,312.0,333.6,283.0,-21.600000000000023,1
arrival,all,23,13.853035143769969,25.868456375838925,18.743589743589745,-12.015421232068956,313.0,149.0,156.0,164.0,1
arrival,car,0,,,,,0,0.0,0,0.0,0
arrival,car,1,,,,,0,0.0,0,0.0,0
arrival,car,2,,,,,0,0.0,0,0.0,0
arrival,car,3,,,,,0,0.0,0,0.0,0
arrival,car,4,,,,,0,0.0,0,0.0,0
arrival,car,5,,,,,0,0.0,0,0.0,0
arrival,car,6,,,,,0,0.0,0,0.0,0
arrival,car,7,,,,,0,0.0,0,0.0,0
arrival,car,8,16.192513368983956,18.256480218281038,19.137096774193548,-2.0639668492970813,187.0,146.6,124.0,40.400000000000006,0
arrival,car,9,33.56808510638298,30.016374929418408,28.81972789115646,3.5517101769645727,470.0,354.2,294.0,115.80000000000001,0
arrival,car,10,38.01494252873563,35.778454721683744,34.55245901639344,2.236487807051887,870.0,722.2,610.0,147.79999999999995,0
arrival,car,11,43.38074398249453,42.663880334359874,39.01997336884155,0.7168636481346553,914.0,909.2,751.0,4.7999999999999545,0
arrival,car,12,45.53585271317829,38.94501651447445,37.16519174041298,6.59083619870384,1032.0,1029.4,678.0,2.599999999999909,0
arrival,car,13,46.683271832718326,43.312100748311735,44.05736782902137,3.3711710844065905,1626.0,1095.8,889.0,530.2,0
arrival,car,14,53.48772727272727,47.748706152961475,46.175066312997345,5.739021119765795,2200.0,1043.4,754.0,1156.6,0
arrival,car,15,48.40113285272915,45.58161980696601,43.65238678090575,2.819513045763138,1942.0,953.2,817.0,988.8,0
arrival,car,16,61.77619047619048,47.25757294183237,43.433915211970074,14.518617534358107,2730.0,1076.2,802.0,1653.8,0
arrival,car,17,64.5102556898005,46.271066588096645,44.5070785070785,18.239189101703857,3559.0,1018.2,777.0,2540.8,0
arrival,car,18,59.821922667612625,46.74551971326165,39.06257242178447,13.076402954350975,5638.0,1060.2,863.0,4577.8,1
arrival,car,19,58.983154442456765,44.774861475648876,36.965732087227416,14.208292966807889,6708.0,685.8,642.0,6022.2,1
arrival,car,20,48.588579795021964,45.28842105263158,39.11139240506329,3.300158742390387,1366.0,475.0,395.0,891.0,1
arrival,car,21,30.63575042158516,35.47934782608696,36.28417266187051,-4.843597404501796,593.0,368.0,278.0,225.0,1
arrival,car,22,22.03181818181818,38.45156369183829,41.79824561403509,-16.419745510020107,220.0,262.2,228.0,-42.19999999999999,1
arrival,car,23,21.021621621621623,31.070588235294117,25.13,-10.048966613672494,185.0,102.0,100.0,83.0,1
arrival,bus,0,,,,,0,0.0,0,0.0,0
arrival,bus,1,,,,,0,0.0,0,0.0,0
arrival,bus,2,,,,,0,0.0,0,0.0,0
arrival,bus,3,,,,,0,0.0,0,0.0,0
arrival,bus,4,,,,,0,0.0,0,0.0,0
arrival,bus,5,,,,,0,0.0,0,0.0,0
arrival,bus,6,,,,,0,0.0,0,0.0,0
arrival,bus,7,,,,,0,0.0,0,0.0,0
arrival,bus,8,17.0,21.24561403508772,9.5,-4.245614035087719,17.0,22.8,10.0,-5.800000000000001,0
arrival,bus,9,18.789473684210527,20.712389380530972,27.26086956521739,-1.9229156963204446,19.0,45.2,23.0,-26.200000000000003,0
arrival,bus,10,41.732283464566926,19.480434782608697,18.65546218487395,22.25184868195823,127.0,92.0,119.0,35.0,0
arrival,bus,11,28.90740740740741,36.39230769230769,20.894736842105264,-7.484900284900281,162.0,130.0,95.0,32.0,0
arrival,bus,12,43.104294478527606,33.35600425079702,26.46212121212121,9.748290227730585,163.0,188.2,264.0,-25.19999999999999,0
arrival,bus,13,33.59880239520958,33.87869822485207,20.47983870967742,-0.2798958296424914,167.0,202.8,248.0,-35.80000000000001,0
arrival,bus,14,50.33953488372093,40.380811078140454,53.61538461538461,9.958723805580476,215.0,202.2,130.0,12.800000000000011,0
arrival,bus,15,42.07,35.37098844672657,24.650793650793652,6.699011553273429,200.0,155.8,126.0,44.19999999999999,0
arrival,bus,16,45.19390581717452,31.496740547588004,27.75,13.697165269586513,361.0,153.4,180.0,207.6,0
arrival,bus,17,58.08177570093458,43.062790697674416,47.76958525345622,15.018985003260163,428.0,172.0,217.0,256.0,0
arrival,bus,18,47.473417721518985,41.554234769687966,42.32374100719424,5.919182951831019,790.0,134.6,139.0,655.4,1
arrival,bus,19,49.251831501831504,44.108374384236456,35.85,5.143457117595048,1092.0,81.2,80.0,1010.8,1
arrival,bus,20,73.52727272727273,45.443820224719104,53.853658536585364,28.083452502553627,110.0,35.6,41.0,74.4,1
arrival,bus,21,55.5,24.69402985074627,,30.80597014925373,10.0,26.8,0,-16.8,1
arrival,bus,22,,23.38235294117647,11.0,,0,13.6,5.0,-13.6,1
arrival,bus,23,,15.98,12.0,,0,10.0,19.0,-10.0,1
departure,all,0,,,,,0,0.0,0,0.0,0
departure,all,1,,,,,0,0.0,0,0.0,0
departure,all,2,,,,,0,0.0,0,0.0,0
departure,all,3,,,,,0,0.0,0,0.0,0
departure,all,4,,,,,0,0.0,0,0.0,0
departure,all,5,,,,,0,0.0,0,0.0,0
departure,all,6,,,,,0,0.0,0,0.0,0
departure,all,7,,,,,0,0.0,0,0.0,0
departure,all,8,41.23449612403101,34.85267175572519,31.955414012738853,6.381824368305821,516.0,524.0,471.0,-8.0,0
departure,all,9,40.77005988023952,32.14345880494867,37.89073305670816,8.62660107529085,835.0,759.8,723.0,75.20000000000005,0
departure,all,10,35.12610837438424,39.88503649635037,39.879040667361835,-4.758928121966129,1015.0,876.8,959.0,138.20000000000005,0
departure,all,11,42.370680628272254,39.87481865284974,40.64189886480908,2.495861975422514,955.0,965.0,969.0,-10.0,0
departure,all,12,43.925824175824175,44.84951785956811,48.88159771754636,-0.9236936837439345,1092.0,1472.6,1402.0,-380.5999999999999,0
departure,all,13,43.061662198391424,47.21555023923445,42.213915618060696,-4.153888040843029,1492.0,1672.0,1351.0,-180.0,0
departure,all,14,41.222013758599125,50.14461895225045,46.469730941704036,-8.922605193651322,1599.0,1897.4,1784.0,-298.4000000000001,0
departure,all,15,39.63341493268054,53.90167004838458,52.16101694915254,-14.268255115704044,1634.0,2562.8,2478.0,-928.8000000000002,0
departure,all,16,46.02626395272488,53.018116184236916,48.184312044577794,-6.991852231512034,1523.0,2991.8,2333.0,-1468.8000000000002,0
departure,all,17,42.932505399568036,51.81952932911837,43.25893824485374,-8.887023929550331,1852.0,2847.0,1846.0,-995.0,0
departure,all,18,45.524565940155156,49.24034625517501,39.71141253507951,-3.715780315019856,2707.0,2657.0,2138.0,50.0,1
departure,all,19,74.44195167869469,46.17998352553542,40.18009478672986,28.261968153159273,6374.0,2913.6,2321.0,3460.4,1
departure,all,20,74.50615479304508,45.79238390092879,42.12694651320244,28.713770892116294,38994.0,3230.0,2954.0,35764.0,1
departure,all,21,67.76269371653987,44.24016582220175,41.07680250783699,23.52252789433812,17745.0,2171.0,1914.0,15574.0,1
departure,all,22,47.365623660522935,36.02408745599407,32.60666666666667,11.341536204528865,4666.0,1079.4,900.0,3586.6,1
departure,all,23,22.221830985915492,18.977450980392156,20.03301886792453,3.244380005523336,568.0,204.0,212.0,364.0,1
departure,car,0,,,,,0,0.0,0,0.0,0
departure,car,1,,,,,0,0.0,0,0.0,0
departure,car,2,,,,,0,0.0,0,0.0,0
departure,car,3,,,,,0,0.0,0,0.0,0
departure,car,4,,,,,0,0.0,0,0.0,0
departure,car,5,,,,,0,0.0,0,0.0,0
departure,car,6,,,,,0,0.0,0,0.0,0
departure,car,7,,,,,0,0.0,0,0.0,0
departure,car,8,43.06818181818182,35.64987146529563,31.647058823529413,7.418310352886188,308.0,389.0,289.0,-81.0,0
departure,car,9,44.705701078582436,33.439483780955705,39.34193548387097,11.266217297626731,649.0,573.4,465.0,75.60000000000002,0
departure,car,10,31.616033755274263,40.0997132844855,42.35203366058906,-8.48367952921124,711.0,627.8,713.0,83.20000000000005,0
departure,car,11,44.23056653491436,38.409604519774014,42.32496307237814,5.820962015140346,759.0,708.0,677.0,51.0,0
departure,car,12,37.99545454545454,45.611388995767605,51.40103092783505,-7.615934450313063,660.0,1039.6,970.0,-379.5999999999999,0
departure,car,13,41.134892086330936,48.40913722826087,44.78466741826381,-7.274245141929931,1112.0,1177.6,887.0,-65.59999999999991,0
departure,car,14,35.68041237113402,49.58564118001204,46.23598326359833,-13.905228808878022,1067.0,1328.8,1195.0,-261.79999999999995,0
departure,car,15,39.77001862197393,52.674061836204864,51.13461538461539,-12.904043214230931,1074.0,1694.8,1560.0,-620.8,0
departure,car,16,42.08683974932856,50.98181429182713,47.30364372469636,-8.894974542498566,1117.0,1869.6,1482.0,-752.5999999999999,0
departure,car,17,38.45020463847203,49.63135266233051,43.509559434746464,-11.181148023858476,1466.0,1814.2,1203.0,-348.20000000000005,0
departure,car,18,41.27762302692665,48.445956674605874,39.056809905316825,-7.168333647679226,2154.0,1763.4,1373.0,390.5999999999999,1
departure,car,19,69.32120319730753,43.87176681257461,40.59211337030191,25.449436384732913,4754.0,2010.4,1623.0,2743.6,1
departure,car,20,69.83204144431893,45.00650465263348,42.94643734643735,24.82553679168545,25673.0,2213.8,2035.0,23459.2,1
departure,car,21,64.8786976744186,43.52456067524561,42.67975022301516,21.354136999172994,10750.0,1445.4,1121.0,9304.6,1
departure,car,22,45.60830264479411,35.46520250998289,34.34674922600619,10.14310013481122,2987.0,701.2,646.0,2285.8,1
departure,car,23,21.205357142857142,20.224516129032256,21.401129943502823,0.980841013824886,448.0,155.0,177.0,293.0,1
departure,bus,0,,,,,0,0.0,0,0.0,0
departure,bus,1,,,,,0,0.0,0,0.0,0
departure,bus,2,,,,,0,0.0,0,0.0,0
departure,bus,3,,,,,0,0.0,0,0.0,0
departure,bus,4,,,,,0,0.0,0,0.0,0
departure,bus,5,,,,,0,0.0,0,0.0,0
departure,bus,6,,,,,0,0.0,0,0.0,0
departure,bus,7,,,,,0,0.0,0,0.0,0
departure,bus,8,18.23076923076923,30.97241379310345,42.458333333333336,-12.74164456233422,52.0,29.0,24.0,23.0,0
departure,bus,9,21.322033898305083,24.287974683544302,27.81188118811881,-2.9659407852392192,59.0,63.2,101.0,-4.200000000000003,0
departure,bus,10,20.01010101010101,26.846994535519126,29.975,-6.836893525418116,99.0,73.2,120.0,25.799999999999997,0
departure,bus,11,23.962962962962962,41.5362563237774,35.013422818791945,-17.57329336081444,81.0,118.6,149.0,-37.599999999999994,0
departure,bus,12,22.010752688172044,33.180620884289745,40.10612244897959,-11.1698681961177,93.0,212.6,245.0,-119.6,0
departure,bus,13,26.577464788732396,34.75968992248062,28.397163120567377,-8.182225133748222,142.0,232.2,282.0,-90.19999999999999,0
departure,bus,14,32.09782608695652,47.52369077306733,31.800884955752213,-15.425864686110806,184.0,240.6,226.0,-56.599999999999994,0
departure,bus,15,30.19383259911894,38.56773787019534,37.75218658892128,-8.373905271076396,227.0,317.4,343.0,-90.39999999999998,0
departure,bus,16,37.88405797101449,37.999400479616305,32.11013215859031,-0.11534250860181317,138.0,333.6,227.0,-195.60000000000002,0
departure,bus,17,60.61538461538461,46.3,27.99497487437186,14.315384615384616,91.0,346.0,199.0,-255.0,0
departure,bus,18,54.626315789473686,33.33353221957041,26.542416452442158,21.29278356990328,190.0,335.2,389.0,-145.2,1
departure,bus,19,79.38878504672897,35.026853473438415,25.759656652360515,44.361931573290555,535.0,342.6,233.0,192.39999999999998,1
departure,bus,20,67.13035518125228,31.594135802469136,24.441624365482234,35.536219378783144,5462.0,388.8,394.0,5073.2,1
departure,bus,21,59.660105616898704,32.28163265306122,28.770186335403725,27.37847296383748,2083.0,245.0,322.0,1838.0,1
departure,bus,22,36.99337748344371,28.848122866894197,21.52173913043478,8.145254616549511,302.0,117.2,69.0,184.8,1
departure,bus,23,22.571428571428573,22.47142857142857,23.0,0.10000000000000142,28.0,14.0,6.0,14.0,1
